Player,FantasyProName,Pos,Team,Avg,RushPercent,TgtPercent,SnapPercent,YPC,SnapPerRoute,YPRR,TgtPerRoute,CatchPerc,RecTDPerc,RushTdPerc,DKSalary,FDSalary,BottomTwentyFive,TopTwentyFive,Percentile,DKValue,ProjPts,numberFirePots,Active
A.J. Brown,A.J. Brown,WR,TEN,0,0,0,0,0,0,0,0,0,0,0,0,0,0,0,0,0,0,7.11,Active
A.J. Derby,A.J. Derby,TE,MIA,31,0,4,53,3.75,0.45,1.5,0.09,0.6,0.03,0,0,,2.25,12.23,4,,,0.77,Active
A.J. Green,A.J. Green,WR,CIN,50.8,0,17,79,3.75,0.63,2.39,0.27,0.6,0.22,0,7200,,7.95,32.48,4,,,0,0
A.J. McCarron,A.J. McCarron,QB,HOU,0,0,0,0,0,0,0,0,0,0,0,0,0,0,0,0,0,0,0,0
Aaron Jones,Aaron Jones,RB,GB,31.3,35,9,48,5.47,0.54,1.5,0.16,0.81,0.04,0.57,0,,8.53,29.43,4,,,12.21,Active
Aaron Rodgers,Aaron Rodgers,QB,GB,63.3,4,0,94,3.75,0,1.5,0,0,0,0,0,,12.87,33.61,4,,,19.3,Active
Adam Humphries,Adam Humphries,WR,TEN,48.8,0,13,70,5.5,0.73,1.5,0.18,0.74,0.33,0,4000,,2.61,17.48,4,,,7.09,Active
Adam Shaheen,Adam Shaheen,TE,CHI,26.7,0,4,38,3.75,0.34,1.5,0.11,0.83,0.04,0,0,,1.4,14.4,4,,,1.84,Active
Adam Thielen,Adam Thielen,WR,MIN,63.2,0,15,96,6,0.65,2.1,0.23,0.76,0.3,0,6800,,5.58,31.28,4,,,15.89,Active
Adrian Peterson,Adrian Peterson,RB,WAS,30.1,52,5,47,4.15,0.33,1.5,0.16,0.8,0.07,1,3700,,5.2,28.22,4,,,6.67,Active
Alan Cross,Alan Cross,TE,TB,0,0,0,0,0,0,0,0,0,0,0,0,0,0,0,0,0,0,0.9,Active
Albert Wilson,Albert Wilson,WR,MIA,33.1,3,15,56,3.75,0.56,3.03,0.28,0.72,0.16,0,3900,,2.51,18.17,4,,,7.98,Active
Alex Armah,Alex Armah,RB,CAR,7.2,0,0,0,3.75,0.11,1.5,0.08,1,0,0.17,3000,,,,4,,,1.75,Active
Alex Erickson,Alex Erickson,WR,CIN,22.8,1,8,39,7.33,0.61,1.5,0.13,0.71,0,0,3200,,1.55,11.35,4,,,3.87,Active
Alex Tanney,Alex Tanney,QB,NYG,0,0,0,0,0,0,0,0,0,0,0,0,0,0,0,0,0,0,0,0
Alexander Mattison,Alexander Mattison,RB,MIN,0,0,0,0,0,0,0,0,0,0,0,0,0,0,0,0,0,0,5.2,Active
Alfred Morris,Alfred Morris,RB,DAL,20.8,44,6,32,3.86,0.4,1.5,0.1,0.8,0,0.29,0,,5,17.98,4,,,1.18,Active
Allen Hurns,Allen Hurns,WR,MIA,28.3,0,8,42,3.75,0.56,1.5,0.13,0.61,0.08,0,3700,,2.7,22.45,4,,,3.71,Active
Allen Robinson,Allen Robinson,WR,CHI,58.8,0,12,86,9,0.58,1.69,0.21,0.59,0.15,0,0,,4.78,30.87,4,,,10.85,Active
Alshon Jeffery,Alshon Jeffery,WR,PHI,59.3,0,12,90,3.75,0.63,1.74,0.19,0.72,0.19,0,5900,,5.56,25.67,4,,,10.78,Active
Alvin Kamara,Alvin Kamara,RB,NO,43.8,30,16,66,4.55,0.51,2.12,0.29,0.83,0.12,0.7,0,,11.66,37.37,4,,,20.39,Active
Amari Cooper,Amari Cooper,WR,DAL,55.9,0,13,80,10,0.65,1.85,0.19,0.74,0.3,0,7000,,3.79,31.38,4,,,14.6,Active
Ameer Abdullah,Ameer Abdullah,RB,MIN,1.7,0,0,0,3.75,0.76,2.15,0.31,0.75,0,0,3000,,5.5,18.14,4,,,1.74,Active
Andre Roberts,Andre Roberts,WR,BUF,12.8,1,9,26,10,0.63,1.5,0.15,0.56,0.07,0,3000,,0.87,7.73,4,,,1.08,Active
Andy Dalton,Andy Dalton,QB,CIN,57,3,0,92,3.75,0,1.5,0,0,0,0,5000,,7.5,25.45,4,,,14.72,Active
Andy Isabella,Andy Isabella,WR,ARI,0,0,0,0,0,0,0,0,0,0,0,0,0,0,0,0,0,0,5.38,Active
Andy Janovich,Andy Janovich,RB,DEN,14.9,1,4,22,3.75,0.28,1.52,0.12,0.88,0.06,0,0,,0.9,8.8,4,,,0,0
Andy Jones,Andy Jones,WR,DET,32,0,9,48,3.75,0.51,1.5,0.17,0.5,0.05,0,3000,,1.5,11,4,,,1.49,Active
Anthony Firkser,Anthony Firkser,TE,TEN,15.1,0,11,25,3.75,0.67,1.84,0.16,0.95,0.07,0,2500,,1.8,3.6,4,,,0.76,Active
Anthony Miller,Anthony Miller,WR,CHI,38.4,1,9,57,4.33,0.63,1.5,0.15,0.61,0.26,0,0,,2.23,15.55,4,,,8.6,Active
Anthony Sherman,Anthony Sherman,RB,KC,6.1,0,0,0,3.75,0.31,3.2,0.3,0.89,0.02,0,3000,,,,4,,,0.46,Active
Antonio Brown,Antonio Brown,WR,OAK,66.5,0,17,95,3.75,0.67,1.94,0.24,0.63,0.83,0,0,,9.73,40.31,4,,,16.57,Active
Antonio Callaway,Antonio Callaway,WR,CLE,47.9,0,10,70,3.5,0.64,1.5,0.16,0.55,0.18,0,3300,,2.08,16.63,4,,,0,0
Antony Auclair,Antony Auclair,TE,TB,21.2,0,2,30,3.75,0.25,1.5,0.1,0.88,0,0,2500,,0,1.8,4,,,0.94,Active
Auden Tate,Auden Tate,WR,CIN,11,0,16,21,3.75,0.68,1.5,0.23,0.33,0,0,3000,,2.5,3.5,4,,,0,0
Austin Carr,Austin Carr,WR,NO,19.6,0,5,30,3.75,0.56,1.5,0.08,0.69,0.06,0,0,,0,7.3,4,,,2.24,Active
Austin Davis,Austin Davis,QB,SEA,0,0,0,0,0,0,0,0,0,0,0,0,0,0,0,0,0,0,0,0
Austin Ekeler,Austin Ekeler,RB,LAC,24.9,30,15,41,5.23,0.55,2.13,0.25,0.83,0.09,0.19,5500,,9.3,17.4,4,,,9.66,Active
Austin Hooper,Austin Hooper,TE,ATL,50.6,0,11,76,3.75,0.61,1.5,0.17,0.84,0.11,0,3200,,1.71,17.35,4,,,7.74,Active
Baker Mayfield,Baker Mayfield,QB,CLE,64.7,4,0,96,3.75,0,1.5,0.33,0,0,0,6400,,12.25,24.39,4,,,19.02,Active
Ben Braunecker,Ben Braunecker,TE,CHI,7.9,0,0,0,3.75,0.31,1.5,0.14,0.6,0,0,0,,,,4,,,0.67,Active
Ben Roethlisberger,Ben Roethlisberger,QB,PIT,67.9,3,0,97,3.75,0,1.5,0,0,0,0,0,,8.95,33.1,4,,,18.68,Active
Benjamin Watson,Benjamin Watson,TE,NE,31.6,0,9,48,3.75,0.49,1.57,0.17,0.79,0.07,0,0,,3.45,18.74,4,,,0,0
Bennie Fowler,Bennie Fowler,WR,NYG,37,0,7,58,3.75,0.66,1.5,0.1,0.64,0.04,0,0,,1.14,11.38,4,,,6.39,Active
Benny Snell Jr.,Benny Snell Jr.,RB,PIT,0,0,0,0,0,0,0,0,0,0,0,0,0,0,0,0,0,0,1.48,Active
Bilal Powell,Bilal Powell,RB,NYJ,29.7,38,9,47,4.29,0.47,1.5,0.17,0.65,0.06,0,3300,,4.8,25.88,4,,,0.97,Active
Blaine Gabbert,Blaine Gabbert,QB,TB,26.4,3,0,40,3.75,0,1.5,0,0,0,0,4000,,6.06,20.63,4,,,0,0
Blake Bell,Blake Bell,TE,KC,22.1,0,5,34,3.75,0.49,1.5,0.08,0.89,0,0,2500,,0,8.1,4,,,0.62,Active
Blake Bortles,Blake Bortles,QB,LAR,59.8,7,0,90,3.75,0,1.5,0,0,0,0,4300,,7.3,29.1,4,,,0,0
Blake Jarwin,Blake Jarwin,TE,DAL,24.2,0,9,36,3.75,0.59,1.5,0.15,0.77,0.13,0,2700,,3.15,26.25,4,,,3.18,Active
Bobo Wilson,Bobo Wilson,WR,TB,13.8,0,7,21,3.75,0.64,1.5,0.11,0.8,0,0,3000,,,,4,,,1.1,Active
Brandin Cooks,Brandin Cooks,WR,LAR,61.8,1,12,90,6.8,0.59,2.07,0.19,0.73,0.15,0.05,6500,,6.14,29.54,4,,,14.76,Active
Brandon Bolden,Brandon Bolden,RB,NE,1.6,0,0,0,11.38,0.44,1.5,0.27,1,0.03,0.13,0,,5.1,11,4,,,0.91,Active
Brandon Powell,Brandon Powell,WR,DET,16.5,1,17,30,4,0.67,1.95,0.26,0.65,0,0,3000,,,,4,,,1.05,Active
Brandon Zylstra,Brandon Zylstra,WR,CAR,1.1,0,0,0,3.75,0.53,2.56,0.22,0.5,0,0,3000,,,,4,,,1.17,Active
Breshad Perriman,Breshad Perriman,WR,TB,21.8,2,11,35,3.75,0.61,2.54,0.19,0.64,0.06,0,3300,,0.38,10.7,4,,,3.17,Active
Brett Hundley,Brett Hundley,QB,ARI,0,0,0,0,0,0,0,0,0,0,0,0,0,0,0,0,0,0,0,0
Brian Hill,Brian Hill,RB,ATL,6.6,0,0,0,7.85,0.42,1.5,0.07,0.5,0,0,3000,,,,4,,,2.68,Active
Brian Hoyer,Brian Hoyer,QB,NE,5.4,0,0,0,3.75,0,1.5,0,0,0,0,0,,3.53,25.7,4,,,0,0
Brian Quick,Brian Quick,WR,WAS,13.5,0,4,22,3.75,0.58,1.5,0.06,1,0,0,3000,,0.88,12.85,4,,,2.65,Active
Brittan Golden,Brittan Golden,WR,NYG,0,0,0,0,0,0,0,0,0,0,0,0,0,0,0,0,0,0,0.53,Active
Buddy Howell,Buddy Howell,RB,HOU,0.2,0,0,0,3.75,0,1.5,0,0,0,0,0,,,,4,,,0,0
Byron Marshall,Byron Marshall,WR,WAS,7.8,0,0,0,3,0.62,1.5,0.21,0.67,0,0,3000,,4.8,8.6,4,,,1.42,Active
C.J. Anderson,C.J. Anderson,RB,DET,13.8,44,6,21,6.01,0.33,1.5,0.14,0.71,0.05,0.18,3900,,4.51,26.51,4,,,7.41,Active
C.J. Beathard,C.J. Beathard,QB,SF,56.7,6,0,77,3.75,0,1.5,0,0,0,0,4000,,8.64,22.86,4,,,0,0
C.J. Ham,C.J. Ham,RB,MIN,0,0,0,0,0,0,0,0,0,0,0,0,0,0,0,0,0,0,0.95,Active
C.J. Prosise,C.J. Prosise,RB,SEA,6,0,0,0,3.75,0.77,1.5,0.13,1,0,0,3000,,,,4,,,0.87,Active
C.J. Uzomah,C.J. Uzomah,TE,CIN,52.5,0,8,84,3.75,0.54,1.5,0.14,0.68,0.11,0,2600,,1.65,12.5,4,,,2.65,Active
Calvin Ridley,Calvin Ridley,WR,ATL,40.3,1,14,61,4.8,0.72,1.77,0.2,0.7,0.29,0,5100,,3.48,26.75,4,,,9.44,Active
Cam Newton,Cam Newton,QB,CAR,63.2,11,0,99,3.75,0,1.5,0,0,0,0,6500,,10.81,33.51,4,,,20.62,Active
Cam Phillips,Cam Phillips,WR,BUF,13.5,0,4,23,3.75,0.74,1.5,0.05,1,0,0,3000,,,,4,,,1.1,Active
Cameron Brate,Cameron Brate,TE,TB,33.4,0,9,48,3.75,0.69,1.5,0.13,0.63,0.17,0,2800,,2.8,18.68,4,,,4.57,Active
Cameron Meredith,Cameron Meredith,WR,NE,21,0,8,30,3.75,0.66,1.5,0.12,0.9,0.03,0,0,,3.35,27.45,4,,,0,0
Cardale Jones,Cardale Jones,QB,LAC,0,0,0,0,0,0,0,0,0,0,0,0,0,0,0,0,0,0,0,0
Carlos Hyde,Carlos Hyde,RB,HOU,27.5,45,4,39,3.32,0.39,1.5,0.1,0.67,0,0.36,4100,,3.79,25.13,4,,,5.94,Active
Carson Wentz,Carson Wentz,QB,PHI,65.8,5,0,100,3.75,0,1.5,0,0,0,0,5700,,9.47,26.41,4,,,19.6,Active
Case Keenum,Case Keenum,QB,WAS,67.1,2,0,100,3.75,0,1.5,0,0,0,0,4900,,6.37,23.94,4,,,15.38,Active
Cethan Carter,Cethan Carter,TE,CIN,0,0,0,0,0,0,0,0,0,0,0,0,0,0,0,0,0,0,0.61,Active
Chad Beebe,Chad Beebe,WR,MIN,15.3,0,9,27,3.75,0.8,1.5,0.11,1,0,0,3000,,,,4,,,4.51,Active
Chad Hansen,Chad Hansen,WR,HOU,0,0,0,0,0,0,0,0,0,0,0,0,0,0,0,0,0,0,1,Active
Chad Kelly,Chad Kelly,QB,IND,1,0,0,0,3.75,0,1.5,0,0,0,0,4000,,,,4,,,0,0
Charcandrick West,Charcandrick West,RB,IND,10,0,0,0,3.75,0.83,1.5,0.12,0.67,0.03,0,0,,4.98,26.45,4,,,0.84,Active
Charles Clay,Charles Clay,TE,ARI,38.8,0,7,58,3.75,0.47,1.5,0.13,0.66,0,0,2700,,1.83,17.22,4,,,5.78,Active
Charles Johnson,Charles Johnson,WR,PHI,0,0,0,0,0,0,0,0,0,0,0,0,0,0,0,0,0,0,0,0
Charone Peake,Charone Peake,WR,NYJ,6.8,0,0,0,3.75,0.6,1.5,0.06,0.67,0,0,3000,,2.15,7.65,4,,,0.38,Active
Chase Daniel,Chase Daniel,QB,CHI,29.6,9,1,42,3.75,0.02,2.67,0.33,1,0,0,0,,11.8,19.4,4,,,0,0
Chase Edmonds,Chase Edmonds,RB,ARI,12.4,30,12,21,3.47,0.58,1.5,0.2,0.87,0,0.22,3100,,,,4,,,3.11,Active
Chester Rogers,Chester Rogers,WR,IND,37.2,0,12,51,3.75,0.67,1.5,0.18,0.75,0.05,0,3300,,1.46,16.31,4,,,2.21,Active
Chris Carson,Chris Carson,RB,SEA,32.4,54,5,49,4.66,0.3,1.5,0.16,0.91,0,0.6,5700,,7.83,25.8,4,,,16.28,Active
Chris Conley,Chris Conley,WR,JAC,50.1,0,6,77,3.75,0.64,1.5,0.09,0.68,0.33,0,3100,,1.79,12.04,4,,,6.18,Active
Chris Godwin,Chris Godwin,WR,TB,44.8,0,13,64,3.75,0.63,1.87,0.2,0.66,0.19,0,6200,,1.86,24.3,4,,,12.44,Active
Chris Herndon,Chris Herndon,TE,NYJ,0,0,0,0,0,0,0,0,0,0,0,0,0,0,0,0,0,0,0,0
Chris Hogan,Chris Hogan,WR,CAR,50.2,0,7,72,3.75,0.62,1.5,0.1,0.69,0.11,0,3300,,1.33,18.26,4,,,3.14,Active
Chris Lacy,Chris Lacy,WR,DET,35,0,3,48,3.75,0.34,1.5,0.08,0,0,0,3000,,,,4,,,0.92,Active
Chris Manhertz,Chris Manhertz,TE,CAR,21.5,0,1,32,3.75,0.16,1.5,0.09,0.4,0.04,0,2500,,,,4,,,0.79,Active
Chris Moore,Chris Moore,WR,BAL,29.2,1,5,39,3.4,0.44,1.5,0.12,0.76,0.06,0,3200,,1.1,7.3,4,,,2.86,Active
Chris Thompson,Chris Thompson,RB,WAS,30.8,14,18,49,4.14,0.67,1.5,0.25,0.79,0.07,0,3500,,3.46,23.2,4,,,7.22,Active
Christian Kirk,Christian Kirk,WR,ARI,45.2,1,13,79,11.67,0.63,1.72,0.19,0.66,0.2,0,4700,,3.63,16.9,4,,,11.84,Active
Christian McCaffrey,Christian McCaffrey,RB,CAR,60.3,23,13,91,5.01,0.51,1.77,0.25,0.89,0.22,0.58,8800,,9.66,34.26,4,,,23.78,Active
Clive Walford,Clive Walford,TE,MIA,0,0,0,0,0,0,0,0,0,0,0,0,0,0,0,0,0,0,1.27,Active
Cody Core,Cody Core,WR,NYG,22.2,0,9,36,3.75,0.63,1.5,0.14,0.46,0.04,0,3000,,1.17,11.37,4,,,1.37,Active
Cody Latimer,Cody Latimer,WR,NYG,34.8,0,8,52,3.75,0.68,1.5,0.11,0.69,0.04,0,3300,,0,12.43,4,,,6.45,Active
Cole Beasley,Cole Beasley,WR,BUF,44.6,0,12,66,3.75,0.67,1.5,0.18,0.76,0.21,0,3600,,2.01,19.24,4,,,8.05,Active
Cole Wick,Cole Wick,TE,TEN,2.2,0,0,0,3.75,0.27,1.5,0.33,0,0,0,2500,,,,4,,,1.22,Active
Colt McCoy,Colt McCoy,QB,WAS,33.3,10,0,55,3.75,0,1.5,0,0,0,0,4000,,8.82,15.52,4,,,0,0
Connor Cook,Connor Cook,QB,DET,0,0,0,0,0,0,0,0,0,0,0,0,0,0,0,0,0,0,0,0
Cooper Kupp,Cooper Kupp,WR,LAR,54.9,1,13,83,6.25,0.57,2.26,0.2,0.82,0.18,0,5700,,5.9,24.55,4,,,11.12,Active
Cooper Rush,Cooper Rush,QB,DAL,6,0,0,0,3.75,0,1.5,0,0,0,0,4400,,,,4,,,0,0
Cordarrelle Patterson,Cordarrelle Patterson,WR,CHI,15.3,18,12,22,5.43,0.46,2.33,0.25,0.78,0.11,0.08,0,,2.33,15.37,4,,,2.91,Active
Corey Clement,Corey Clement,RB,PHI,21.6,29,11,32,3.81,0.53,1.54,0.2,0.88,0,0.17,3200,,3,25.6,4,,,3.49,Active
Corey Davis,Corey Davis,WR,TEN,54.5,1,13,88,9.17,0.56,1.83,0.22,0.6,0.27,0,4900,,3.49,20.1,4,,,10.62,Active
Courtland Sutton,Courtland Sutton,WR,DEN,51.2,0,10,76,3.75,0.65,1.5,0.15,0.53,0.25,0,0,,2.78,14.65,4,,,10.1,Active
Curtis Samuel,Curtis Samuel,WR,CAR,35.8,2,14,54,10.5,0.64,1.66,0.21,0.63,0.19,0.17,4200,,4.97,14.33,4,,,11.59,Active
D.J. Chark,D.J. Chark,WR,JAC,26.5,0,11,40,3.75,0.66,1.5,0.16,0.45,0,0,0,,,,4,,,7.63,Active
D.J. Foster,D.J. Foster,RB,ARI,0,0,0,0,0,0,0,0,0,0,0,0,0,0,0,0,0,0,1.08,Active
D.J. Moore,D.J. Moore,WR,CAR,45.8,2,11,69,13.23,0.59,1.81,0.18,0.71,0.07,0,5500,,3.85,19.88,4,,,12.26,Active
D.K. Metcalf,D.K. Metcalf,WR,SEA,0,0,0,0,0,0,0,0,0,0,0,0,0,0,0,0,0,0,9.5,Active
DaeSean Hamilton,DaeSean Hamilton,WR,DEN,33.6,0,10,50,3.75,0.59,1.5,0.16,0.67,0.13,0,0,,4.85,16.85,4,,,9.23,Active
Dak Prescott,Dak Prescott,QB,DAL,66.9,7,0,99,3.75,0,1.5,1,0,0,0,5900,,7.68,28.46,4,,,18.69,Active
Dallas Goedert,Dallas Goedert,TE,PHI,32.8,0,8,48,3.75,0.44,1.5,0.19,0.77,0.13,0,2900,,1.63,16.33,4,,,4.89,Active
Dalton Schultz,Dalton Schultz,TE,DAL,27.3,0,6,39,3.75,0.38,1.5,0.14,0.75,0,0,2500,,0.9,6.7,4,,,1,Active
Dalvin Cook,Dalvin Cook,RB,MIN,44.5,27,10,69,4.62,0.5,1.5,0.2,0.83,0.07,0.25,6000,,8.35,24.8,4,,,19.1,Active
Damien Harris,Damien Harris,RB,NE,0,0,0,0,0,0,0,0,0,0,0,0,0,0,0,0,0,0,5.57,Active
Damien Williams,Damien Williams,RB,KC,12.9,24,12,25,5.12,0.57,1.5,0.21,0.96,0.04,0.29,6300,,8.45,29.65,4,,,12.21,Active
Damiere Byrd,Damiere Byrd,WR,ARI,5.5,0,0,0,3.75,0.45,1.5,0.1,0.5,0,0,3000,,2.2,17.5,4,,,1.07,Active
Damion Ratley,Damion Ratley,WR,CLE,13.5,0,11,22,3.75,0.69,1.5,0.17,0.65,0,0,3000,,3.1,14.2,4,,,1.48,Active
Damion Willis,Damion Willis,WR,CIN,0,0,0,0,0,0,0,0,0,0,0,0,0,0,0,0,0,0,5.44,Active
Dan Vitale,Dan Vitale,RB,GB,3.8,0,0,0,3.75,0,1.5,0,0,0,0,0,,,,4,,,0.33,Active
Daniel Brown,Daniel Brown,TE,NYJ,1.6,0,0,0,3.75,0,1.5,0,0,0,0,2500,,1.7,10.43,4,,,0.89,Active
Daniel Jones,Daniel Jones,QB,NYG,0,0,0,0,0,0,0,0,0,0,0,0,0,0,0,0,0,0,0,0
Danny Amendola,Danny Amendola,WR,DET,45.5,0,12,79,3.75,0.61,1.5,0.18,0.79,0.05,0,3600,,3.75,19.29,4,,,7.36,Active
Dante Pettis,Dante Pettis,WR,SF,37.7,0,10,63,3.75,0.58,1.79,0.15,0.68,0.19,0,5400,,4.85,25.2,4,,,11.74,Active
Dare Ogunbowale,Dare Ogunbowale,RB,TB,1,0,0,0,3.75,0,1.5,0,0,0,0,3000,,,,4,,,2.51,Active
Darius Jackson,Darius Jackson,RB,DAL,0,0,0,0,0,0,0,0,0,0,0,0,0,0,0,0,0,0,0.77,Active
Darius Jennings,Darius Jennings,WR,TEN,11.3,1,8,18,3.75,0.55,1.5,0.15,0.73,0,0,3000,,4.7,10.5,4,,,1.18,Active
Darrel Williams,Darrel Williams,RB,KC,0,0,0,0,0,0,0,0,0,0,0,0,0,0,0,0,0,0,1.12,Active
Darrell Daniels,Darrell Daniels,TE,ARI,7.4,0,0,0,3.75,0.37,1.5,0.08,0,0,0,2500,,0,2.3,4,,,0.77,Active
Darrell Henderson,Darrell Henderson,RB,LAR,0,0,0,0,0,0,0,0,0,0,0,0,0,0,0,0,0,0,7.99,Active
Darren Fells,Darren Fells,TE,HOU,26.3,0,3,39,3.75,0.23,1.5,0.13,0.92,0.11,0,0,,1.38,11.51,4,,,2.99,Active
Darren Sproles,Darren Sproles,RB,PHI,24.3,20,16,35,4.14,0.64,1.7,0.23,0.68,0.06,0.08,3100,,5.64,18.32,4,,,3.62,Active
Darren Waller,Darren Waller,TE,OAK,10.5,2,14,17,21,0.69,2.59,0.21,1,0,0,0,,,,4,,,7.36,Active
Darvin Kidsy,Darvin Kidsy,WR,WAS,6.5,0,0,0,3.75,0.69,1.5,0.22,0.5,0,0,0,,,,4,,,0,0
Darwin Thompson,Darwin Thompson,RB,KC,0,0,0,0,0,0,0,0,0,0,0,0,0,0,0,0,0,0,2.55,Active
Davante Adams,Davante Adams,WR,GB,63.6,0,18,94,3.75,0.68,2.12,0.25,0.69,0.5,0,0,,5.28,28.29,4,,,17.68,Active
David Fluellen,David Fluellen,RB,TEN,0.9,0,0,0,3.75,0,1.5,0,0,0,0,3000,,,,4,,,0.17,Active
David Johnson,David Johnson,RB,ARI,46.8,34,10,80,3.64,0.48,1.5,0.19,0.72,0.2,0.78,7700,,11.21,35.89,4,,,18.53,Active
David Montgomery,David Montgomery,RB,CHI,0,0,0,0,0,0,0,0,0,0,0,0,0,0,0,0,0,0,13.08,Active
David Moore,David Moore,WR,SEA,38.8,0,8,58,5,0.52,1.5,0.16,0.52,0.15,0,3500,,0.57,20.6,4,,,0,0
David Morgan,David Morgan,TE,MIN,21,0,3,31,3.75,0.17,1.5,0.15,0.83,0,0,2500,,1.7,6.8,4,,,0,0
David Njoku,David Njoku,TE,CLE,54.4,0,10,80,3.75,0.57,1.5,0.17,0.67,0.14,0,3700,,2.09,15.93,4,,,9.12,Active
De'Anthony Thomas,De'Anthony Thomas,WR,KC,7,0,0,0,6,0.71,1.5,0.2,0.6,0.02,0,0,,3,15.1,4,,,0.55,Active
De'Lance Turner,De'Lance Turner,RB,BAL,2.3,0,0,0,4,0.67,2.83,0.33,1,0,0,3000,,,,4,,,0.54,Active
DeAndre Carter,DeAndre Carter,WR,HOU,20.3,0,9,37,7,0.6,1.5,0.14,0.92,0,0,0,,2,12.1,4,,,1.29,Active
DeAndre Hopkins,DeAndre Hopkins,WR,HOU,67.8,0,15,99,3.75,0.58,2.51,0.25,0.72,0.39,0,0,,9.2,32.4,4,,,19.04,Active
DeAndre Washington,DeAndre Washington,RB,OAK,7,0,0,0,3.83,0.36,1.5,0.04,1,0,0,0,,4.9,21.8,4,,,3.49,Active
Dede Westbrook,Dede Westbrook,WR,JAC,50.3,1,13,77,10.89,0.69,1.5,0.17,0.69,0.33,0,4800,,4,19.18,4,,,10.72,Active
Deebo Samuel,Deebo Samuel,WR,SF,0,0,0,0,0,0,0,0,0,0,0,0,0,0,0,0,0,0,8.4,Active
Delanie Walker,Delanie Walker,TE,TEN,39,0,18,57,3.75,0.67,2,0.27,0.57,0,0,3500,,6.17,21.58,4,,,8.21,Active
Demarcus Robinson,Demarcus Robinson,WR,KC,26.2,0,8,40,3.75,0.6,1.5,0.12,0.73,0.08,0,3200,,2.05,11.68,4,,,1.24,Active
Demetrius Harris,Demetrius Harris,TE,CLE,24.7,0,7,38,3.75,0.44,1.5,0.15,0.48,0.11,0,2500,,0.26,11.22,4,,,0.68,Active
Deon Cain,Deon Cain,WR,IND,0,0,0,0,0,0,0,0,0,0,0,0,0,0,0,0,0,0,1.24,Active
Deontay Burnett,Deontay Burnett,WR,NYJ,28.3,0,12,48,3.75,0.75,1.68,0.18,0.67,0,0,3000,,10.1,12.3,4,,,0.39,Active
Deonte Thompson,Deonte Thompson,WR,NYJ,19.2,0,12,30,3.75,0.54,1.5,0.22,0.57,0,0,3000,,1.25,16.62,4,,,4.12,Active
Derek Carr,Derek Carr,QB,OAK,64.6,2,0,99,3.75,0,1.5,0,0,0,0,0,,7.34,28.29,4,,,16.47,Active
Derek Carrier,Derek Carrier,TE,OAK,14.6,0,5,22,3.75,0.41,1.5,0.12,0.64,0.06,0,0,,2.55,9.3,4,,,2.33,Active
Derek Watt,Derek Watt,RB,LAC,9.1,0,0,0,3.75,0.16,1.5,0.04,1,0,0,3000,,,,4,,,0.71,Active
Derrick Coleman,Derrick Coleman,RB,ARI,0,0,0,0,0,0,0,0,0,0,0,0,0,0,0,0,0,0,0.48,Active
Derrick Henry,Derrick Henry,RB,TEN,25.1,54,4,41,4.93,0.29,1.5,0.16,0.83,0,0.92,5900,,4.52,29.63,4,,,12.82,Active
Derrick Willies,Derrick Willies,WR,CLE,6,0,0,0,3.75,0.67,3.05,0.25,0.6,0,0,3000,,,,4,,,1.26,Active
Derrius Guice,Derrius Guice,RB,WAS,0,0,0,0,0,0,0,0,0,0,0,0,0,0,0,0,0,0,8.44,Active
DeSean Jackson,DeSean Jackson,WR,PHI,37.8,1,16,52,4.83,0.75,2.27,0.21,0.57,0.13,0.08,4500,,5,21.95,4,,,8.91,Active
Deshaun Watson,Deshaun Watson,QB,HOU,68.3,9,0,100,3.75,0,1.5,0,0,0,0,0,,10.14,34.76,4,,,21.53,Active
DeShone Kizer,DeShone Kizer,QB,OAK,20.7,8,0,37,3.75,0,1.5,0,0,0,0,0,,2.64,23.34,4,,,0,0
DeVante Parker,Devante Parker,WR,MIA,37.4,0,11,65,3.75,0.55,1.5,0.19,0.56,0.04,0,3900,,2.85,19.22,4,,,6.75,Active
Devin Funchess,Devin Funchess,WR,IND,44.4,0,13,67,3.75,0.65,1.5,0.19,0.57,0.1,0,4000,,2.22,19.9,4,,,6.61,Active
Devin Singletary,Devin Singletary,RB,BUF,0,0,0,0,0,0,0,0,0,0,0,0,0,0,0,0,0,0,11.5,Active
Devin Smith,Devin Smith,WR,DAL,0,0,0,0,0,0,0,0,0,0,0,0,0,0,0,0,0,0,0.44,Active
Devonta Freeman,Devonta Freeman,RB,ATL,33.5,21,10,47,4.86,0.54,1.5,0.19,0.71,0,0,5300,,8.7,33.63,4,,,14.02,Active
Devontae Booker,Devontae Booker,RB,DEN,19.8,11,16,29,5.38,0.72,1.5,0.21,0.79,0,0.06,0,,4.43,18.45,4,,,2.99,Active
Dexter Williams,Dexter Williams,RB,GB,0,0,0,0,0,0,0,0,0,0,0,0,0,0,0,0,0,0,1.58,Active
Dion Lewis,Dion Lewis,RB,TEN,37.5,26,11,61,3.34,0.53,1.5,0.21,0.88,0.07,0.08,4700,,5.33,26.01,4,,,6.48,Active
Diontae Johnson,Diontae Johnson,WR,PIT,0,0,0,0,0,0,0,0,0,0,0,0,0,0,0,0,0,0,1.56,Active
Donte Moncrief,Donte Moncrief,WR,PIT,50.9,0,11,78,3.75,0.67,1.5,0.16,0.56,0.09,0,0,,1.83,18.28,4,,,9.3,Active
Dontrell Hilliard,Dontrell Hilliard,RB,CLE,5.3,0,0,0,3.75,0.59,3.09,0.29,0.9,0,0,3000,,,,4,,,3.87,Active
Dontrelle Inman,Dontrelle Inman,WR,LAC,41.3,0,10,60,3.75,0.61,1.5,0.17,0.74,0.09,0,0,,1.75,18.96,4,,,0.9,Active
Drew Brees,Drew Brees,QB,NO,65.2,3,0,98,3.75,0,1.5,0,0,0,0,0,,10.05,34.11,4,,,19.89,Active
Drew Stanton,Drew Stanton,QB,CLE,0,0,0,0,0,0,0,0,0,0,0,0,0,0,0,0,0,0,0,0
Duke Johnson,Duke Johnson,RB,HOU,28.7,9,14,42,5.03,0.65,1.5,0.2,0.77,0.11,0,3500,,4.68,19.4,4,,,13.06,Active
Durham Smythe,Durham Smythe,TE,MIA,11.7,0,6,20,3.75,0.25,1.5,0.18,0.75,0,0,2500,,1.9,4.4,4,,,0.75,Active
Dwayne Harris,Dwayne Harris,WR,OAK,3.6,0,0,0,6,0.5,1.5,0.22,1,0,0,0,,0.9,18.33,4,,,2.19,Active
Dwayne Haskins,Dwayne Haskins,QB,WAS,0,0,0,0,0,0,0,0,0,0,0,0,0,0,0,0,0,0,0,0
Dwayne Washington,Dwayne Washington,RB,NO,3.5,0,0,0,3.75,0,1.5,0,0,0,0,0,,4.1,13.8,4,,,0.78,Active
Ed Dickson,Ed Dickson,TE,SEA,36.4,0,4,53,9,0.4,1.5,0.08,0.92,0.09,0,2500,,0,11.02,4,,,0,0
Eli Manning,Eli Manning,QB,NYG,63.1,1,0,98,3.75,0,1.5,0,0,0,0,5000,,7.13,26.31,4,,,14.93,Active
Elijhaa Penny,Elijhaa Penny,RB,NYG,8.8,0,0,0,3.57,0.2,2.08,0.38,0.89,0,0,3000,,,,4,,,0.64,Active
Emmanuel Sanders,Emmanuel Sanders,WR,DEN,54.8,1,15,84,13.25,0.62,2.12,0.24,0.73,0.25,0.06,0,,4.44,28.7,4,,,9.83,Active
Eric Ebron,Eric Ebron,TE,IND,39.6,0,17,56,3.75,0.71,1.66,0.24,0.61,0.33,0.08,4100,,2.84,19.65,4,,,5.63,Active
Eric Saubert,Eric Saubert,TE,NE,11.1,0,5,17,3.75,0.38,1.5,0.13,0.56,0,0,2500,,,,4,,,1.97,Active
Eric Tomlinson,Eric Tomlinson,TE,NYJ,23.5,0,4,37,3.75,0.27,1.5,0.14,0.62,0,0,2500,,0,6.3,4,,,3.13,Active
Evan Baylis,Evan Baylis,TE,GB,0,0,0,0,0,0,0,0,0,0,0,0,0,0,0,0,0,0,0,0
Evan Engram,Evan Engram,TE,NYG,43.2,1,13,67,12,0.66,1.83,0.2,0.71,0.13,0,4800,,3.92,19.83,4,,,10.46,Active
Ezekiel Elliott,Ezekiel Elliott,RB,DAL,59.3,34,11,89,4.72,0.46,1.5,0.22,0.85,0.13,0.86,9200,,13.16,36.1,4,,,21.43,Active
Frank Gore,Frank Gore,RB,BUF,23.6,47,5,41,4.63,0.39,1.5,0.13,0.75,0.07,0,3800,,6.22,18.6,4,,,5.7,Active
Gabe Holmes,Gabe Holmes,TE,IND,10.1,0,0,0,3.75,0,1.5,0,0,0,0,2500,,,,4,,,0.69,Active
Garrett Celek,Garrett Celek,TE,SF,18.4,0,3,28,3.75,0.2,1.64,0.15,0.63,0.08,0,2500,,1.81,14.8,4,,,0,0
Garrett Gilbert,Garrett Gilbert,QB,CLE,13,0,0,18,3.75,0,1.5,0,0,0,0,4000,,,,4,,,0,0
Garrett Griffin,Garrett Griffin,RB,NO,0,0,0,0,0,0,0,0,0,0,0,0,0,0,0,0,0,0,0.53,Active
Gary Jennings Jr.,Gary Jennings Jr.,WR,SEA,0,0,0,0,0,0,0,0,0,0,0,0,0,0,0,0,0,0,4.54,Active
Gehrig Dieter,Gehrig Dieter,WR,KC,8,0,0,0,3.75,0.47,1.5,0.2,0.33,0,0,3000,,,,4,,,0.56,Active
Geno Smith,Geno Smith,QB,SEA,6.4,0,0,0,3.75,0,1.5,0,0,0,0,4000,,11.78,20,4,,,0,0
Geoff Swaim,Geoff Swaim,TE,JAC,56.9,0,6,88,3.75,0.48,1.5,0.12,0.87,0.07,0,2900,,2.4,10.37,4,,,1.89,Active
George Kittle,George Kittle,TE,SF,58,0,15,88,10,0.53,2.82,0.26,0.69,0.19,0,6600,,3.9,25.8,4,,,16.73,Active
Gerald Everett,Gerald Everett,TE,LAR,23.8,1,13,35,8,0.65,1.5,0.19,0.69,0.09,0,2900,,1.15,9.5,4,,,4.81,Active
Geremy Davis,Geremy Davis,WR,LAC,5.3,0,0,0,3.75,0,1.5,0,0,0,0,3000,,,,4,,,0.86,Active
Geronimo Allison,Geronimo Allison,WR,GB,48.2,0,12,72,3.75,0.71,1.78,0.16,0.71,0.08,0,0,,3.23,19.4,4,,,8.83,Active
Giovani Bernard,Giovani Bernard,RB,CIN,27.4,17,15,44,3.77,0.59,1.5,0.21,0.85,0,0.27,4100,,5.94,22.5,4,,,6.61,Active
Golden Tate,Golden Tate,WR,NYG,40.4,1,19,62,8.5,0.66,1.98,0.26,0.7,0.17,0,4800,,5.59,25.79,4,,,0,0
Greg Olsen,Greg Olsen,TE,CAR,47.7,0,9,77,3.75,0.57,1.5,0.16,0.69,0.15,0,3200,,3.49,24.81,4,,,7.26,Active
Gus Edwards,Gus Edwards,RB,BAL,26,48,1,36,5.24,0.19,1.5,0.04,1,0,0.13,3100,,7.15,19.95,4,,,2.34,Active
Hayden Hurst,Hayden Hurst,TE,BAL,22.9,0,8,31,3.75,0.43,1.5,0.18,0.62,0.06,0,2700,,3.1,10.9,4,,,3.06,Active
Hunter Henry,Hunter Henry,TE,LAC,0,0,0,0,0,0,0,0,0,0,0,0,0,0,0,0,0,0,9.59,Active
Hunter Renfrow,Hunter Renfrow,WR,OAK,0,0,0,0,0,0,0,0,0,0,0,0,0,0,0,0,0,0,6.05,Active
Hunter Sharp,Hunter Sharp,WR,CIN,0,0,0,0,0,0,0,0,0,0,0,0,0,0,0,0,0,0,0.82,Active
Ian Thomas,Ian Thomas,TE,CAR,32.8,0,9,52,3.75,0.6,1.5,0.15,0.77,0.07,0,2800,,2.7,16.9,4,,,3.07,Active
Irv Smith Jr.,Irv Smith Jr.,TE,MIN,0,0,0,0,0,0,0,0,0,0,0,0,0,0,0,0,0,0,3.55,Active
Isaac Whitney,Isaac Whitney,WR,HOU,0,0,0,0,0,0,0,0,0,0,0,0,0,0,0,0,0,0,0.59,Active
Isaiah Ford,Isaiah Ford,WR,MIA,13,0,8,24,3.75,0.54,1.5,0.14,0,0,0,3000,,,,4,,,0.5,Active
Isaiah McKenzie,Isaiah McKenzie,WR,BUF,28.1,4,13,41,6.6,0.64,1.5,0.2,0.62,0,0.33,3000,,1.75,14.3,4,,,0.81,Active
Ito Smith,Ito Smith,RB,ATL,22.2,29,10,36,3.5,0.53,1.5,0.18,0.9,0,0.5,4000,,4.55,13.6,4,,,6.12,Active
J.D. McKissic,J.D. McKissic,RB,DET,1.8,0,0,0,3.75,0.44,1.5,0.25,0,0,0,3100,,,,4,,,2.37,Active
J.J. Arcega-Whiteside,J.J. Arcega-Whiteside,WR,PHI,0,0,0,0,0,0,0,0,0,0,0,0,0,0,0,0,0,0,4.37,Active
J.J. Jones,J.J. Jones,WR,NYJ,0,0,0,0,0,0,0,0,0,0,0,0,0,0,0,0,0,0,0.39,Active
J.J. Nelson,J.J. Nelson,WR,OAK,15.2,2,9,26,3.75,0.62,1.5,0.15,0.37,0,0,0,,,,4,,,1.48,Active
Jack Doyle,Jack Doyle,TE,IND,55.3,0,10,82,3.75,0.48,1.54,0.2,0.81,0.05,0,3400,,2.7,18.61,4,,,5.65,Active
Jacoby Brissett,Jacoby Brissett,QB,IND,4.5,0,0,0,3.75,0,1.5,0,0,0,0,4400,,7.88,20.75,4,,,14.88,Active
Jaelen Strong,Jaelen Strong,WR,CLE,0,0,0,0,0,0,0,0,0,0,0,0,0,0,0,0,0,0,0.9,Active
Jake Butt,Jake Butt,TE,DEN,32.3,0,13,46,3.75,0.53,1.67,0.22,0.73,0,0,0,,2.8,4.9,4,,,2.84,Active
Jake Kumerow,Jake Kumerow,WR,GB,27.2,0,8,39,3.75,0.76,1.5,0.1,0.8,0.04,0,0,,4.9,15.8,4,,,4.87,Active
Jake Rudock,Jake Rudock,QB,MIA,0,0,0,0,0,0,0,0,0,0,0,0,0,0,0,0,0,0,0,0
Jakeem Grant,Jakeem Grant,WR,MIA,28.2,0,12,47,5,0.58,1.63,0.19,0.68,0.08,0,3000,,1.75,11.2,4,,,3.9,Active
Jakobi Meyers,Jakobi Meyers,WR,NE,0,0,0,0,0,0,0,0,0,0,0,0,0,0,0,0,0,0,3.04,Active
Jalen Hurd,Jalen Hurd,WR,SF,0,0,0,0,0,0,0,0,0,0,0,0,0,0,0,0,0,0,0,0
Jalen Richard,Jalen Richard,RB,OAK,25.8,13,20,39,4.71,0.65,2.26,0.29,0.88,0,0.13,0,,3.73,15.3,4,,,7.64,Active
Jamaal Williams,Jamaal Williams,RB,GB,32.7,23,8,49,3.83,0.52,1.5,0.12,0.82,0,0.21,0,,4.63,27.8,4,,,5.18,Active
Jameis Winston,Jameis Winston,QB,TB,62.5,7,0,88,3.75,0,1.5,0,0,0,0,6600,,9.02,27.09,4,,,19.85,Active
James Conner,James Conner,RB,PIT,55.2,30,10,78,4.53,0.53,1.5,0.18,0.82,0.03,0.92,0,,10.9,38.97,4,,,18.18,Active
James Develin,James Develin,RB,NE,24.9,2,5,36,3.75,0.25,1.5,0.17,0.71,0,0.25,0,,0,8.93,4,,,0.59,Active
James O'Shaughnessy,James O'Shaughnessy,TE,JAC,38.1,0,7,59,3.75,0.52,1.5,0.13,0.69,0,0,2500,,0.47,7.07,4,,,2.06,Active
James Washington,James Washington,WR,PIT,37.6,0,7,54,3.75,0.72,1.5,0.09,0.44,0.03,0,0,,1.05,9.45,4,,,9.32,Active
James White,James White,RB,NE,37.5,16,21,54,4.52,0.69,1.82,0.28,0.75,0.23,0.31,0,,5.74,26.83,4,,,11.94,Active
Jamison Crowder,Jamison Crowder,WR,NYJ,47.6,1,12,77,7.5,0.62,1.5,0.17,0.66,0.13,0,4100,,3.34,20.24,4,,,8.81,Active
Jamize Olawale,Jamize Olawale,RB,DAL,7.1,0,0,0,3.75,0.29,1.5,0.12,0.5,0,0,3000,,,,4,,,0.55,Active
Jared Cook,Jared Cook,TE,NO,48.1,0,13,74,3.75,0.64,1.83,0.2,0.69,0.18,0,0,,1.96,20.06,4,,,8.62,Active
Jared Goff,Jared Goff,QB,LAR,66.5,4,0,97,3.75,0,1.5,0,0,0,0,6200,,6.17,30.82,4,,,19.32,Active
Jarius Wright,Jarius Wright,WR,CAR,33,0,11,50,19.5,0.73,1.5,0.15,0.75,0.04,0,3200,,3.3,12.12,4,,,3.06,Active
Jarvis Landry,Jarvis Landry,WR,CLE,59.8,0,16,88,20,0.62,1.64,0.23,0.59,0.14,0.11,5600,,7.51,24.63,4,,,10.95,Active
Jason Vander Laan,Jason Vander Laan,TE,CAR,0,0,0,0,0,0,0,0,0,0,0,0,0,0,0,0,0,0,0.06,Active
Jason Witten,Jason Witten,TE,DAL,0,0,0,0,0,0,0,0,0,0,0,0,0,0,0,0,0,0,6.96,Active
Javon Wims,Javon Wims,WR,CHI,7.5,0,0,0,3.75,0.37,2.91,0.45,0.8,0,0,0,,,,4,,,0.4,Active
Jaylen Samuels,Jaylen Samuels,RB,PIT,16.3,25,13,30,4.57,0.57,1.53,0.22,0.9,0.09,0,0,,11.2,22.2,4,,,5.92,Active
Jeff Heuerman,Jeff Heuerman,TE,DEN,50.5,0,9,77,3.75,0.44,1.5,0.17,0.7,0.13,0,0,,1.45,11.95,4,,,3.01,Active
Jehu Chesson,Jehu Chesson,WR,WAS,0.6,0,0,0,3.75,0.43,2.33,0.67,0.5,0,0,3000,,,,4,,,1.23,Active
Jerell Adams,Jerell Adams,TE,HOU,0,0,0,0,0,0,0,0,0,0,0,0,0,0,0,0,0,0,0.39,Active
Jeremy Langford,Jeremy Langford,RB,ATL,0,0,0,0,0,0,0,0,0,0,0,0,0,0,0,0,0,0,0.67,Active
Jeremy Sprinkle,Jeremy Sprinkle,TE,WAS,22.7,0,2,36,3.75,0.31,1.5,0.07,0.63,0.07,0,2500,,0,10.9,4,,,0.75,Active
Jerome Cunningham,Jerome Cunningham,TE,DET,17.7,0,2,26,3.75,0.28,1.5,0.07,0,0,0,2500,,,,4,,,0.9,Active
Jesse James,Jesse James,TE,DET,35.1,0,7,50,3.75,0.51,1.5,0.14,0.77,0.11,0,2500,,1.56,14.21,4,,,2.53,Active
Jimmy Garoppolo,Jimmy Garoppolo,QB,SF,65.7,4,0,99,3.75,0,1.5,0,0,0,0,5800,,11.71,22.32,4,,,18.67,Active
Jimmy Graham,Jimmy Graham,TE,GB,49.7,0,11,74,3.75,0.7,1.5,0.15,0.66,0.08,0,0,,2.94,20.05,4,,,7.27,Active
Joe Flacco,Joe Flacco,QB,DEN,71.2,3,0,95,3.75,0,1.5,0,0,0,0,0,,6.67,24.08,4,,,16.38,Active
Joe Mixon,Joe Mixon,RB,CIN,42.6,40,9,69,4.96,0.46,1.5,0.2,0.8,0.04,0.73,6700,,8.85,27.75,4,,,15.91,Active
Joe Webb,Joe Webb,QB,HOU,2.2,0,0,0,3.75,0,1.5,0,0,0,0,0,,2.1,3.3,4,,,0,0
John Brown,John Brown,WR,BUF,47.3,0,13,64,3.75,0.63,1.5,0.19,0.46,0.36,0,4300,,1.58,21.8,4,,,8.67,Active
John Ross,John Ross,WR,CIN,46.2,1,10,74,3.75,0.61,1.5,0.15,0.38,0.26,0,0,,0.87,11.57,4,,,7.78,Active
Johnny Mundt,Johnny Mundt,TE,LAR,4,0,0,0,3.75,0.05,2.5,0.5,1,0,0,2500,,,,4,,,0.31,Active
JoJo Natson,JoJo Natson,WR,LAR,0,0,0,0,0,0,0,0,0,0,0,0,0,0,0,0,0,0,0.68,Active
Jonathan Williams,Jonathan Williams,RB,IND,6,0,0,0,3.75,0.56,1.5,0.1,1,0,0,3000,,,,4,,,0.7,Active
Jonnu Smith,Jonnu Smith,TE,TEN,46.9,0,5,75,3.75,0.41,1.5,0.12,0.69,0.2,0,2700,,0,12.1,4,,,3.13,Active
Jordan Akins,Jordan Akins,TE,HOU,24.3,0,6,35,3.75,0.5,1.5,0.12,0.71,0,0,0,,0,4.4,4,,,0.61,Active
Jordan Franks,Jordan Franks,TE,CIN,2.8,0,0,0,3.75,0.53,4.11,0.33,0.67,0,0,2500,,,,4,,,0.36,Active
Jordan Howard,Jordan Howard,RB,PHI,39,40,4,58,3.74,0.34,1.5,0.12,0.77,0,0.75,4200,,4,25.6,4,,,8.66,Active
Jordan Lasley,Jordan Lasley,WR,DET,0,0,0,0,0,0,0,0,0,0,0,0,0,0,0,0,0,0,0.23,Active
Jordan Leggett,Jordan Leggett,TE,TB,21.7,0,8,35,3.75,0.43,1.5,0.16,0.64,0.03,0,2500,,1.6,10.3,4,,,1.58,Active
Jordan Reed,Jordan Reed,TE,WAS,39.3,0,16,60,3.75,0.67,1.63,0.23,0.69,0.13,0,3600,,6.79,27.5,4,,,7.36,Active
Jordan Taylor,Jordan Taylor,WR,MIN,0,0,0,0,0,0,0,0,0,0,0,0,0,0,0,0,0,0,2.06,Active
Jordan Thomas,Jordan Thomas,TE,HOU,29.4,0,6,43,3.75,0.34,1.5,0.15,0.87,0.14,0,0,,0.6,15.55,4,,,1.6,Active
Jordan Wilkins,Jordan Wilkins,RB,IND,12.4,30,9,21,5.6,0.51,1.5,0.16,1,0,0.08,3000,,,,4,,,1.76,Active
Josh Adams,Josh Adams,RB,PHI,15.8,48,5,28,4.26,0.39,1.5,0.13,0.54,0,0.25,3100,,3.6,16.2,4,,,1.29,Active
Josh Allen,Josh Allen,QB,BUF,59.9,12,0,93,3.75,0,1.5,1,0,0,0,5600,,4.62,33.31,4,,,17.13,Active
Josh Bellamy,Josh Bellamy,WR,NYJ,20.1,0,8,30,3.75,0.47,1.5,0.16,0.56,0.06,0,3000,,1.37,12.6,4,,,0.34,Active
Josh Gordon,Josh Gordon,WR,NE,52.8,0,11,72,3.75,0.6,1.94,0.18,0.61,0.13,0,0,,5.93,19.6,4,,,10.72,Active
Josh Hill,Josh Hill,TE,NO,40.8,0,4,62,3.75,0.3,1.5,0.12,0.7,0.03,0,0,,0.2,9.51,4,,,1.53,Active
Josh Jacobs,Josh Jacobs,RB,OAK,0,0,0,0,0,0,0,0,0,0,0,0,0,0,0,0,0,0,14.73,Active
Josh Johnson,Josh Johnson,QB,DET,51,11,0,86,3.75,0,1.5,0,0,0,0,0,,2.04,24.3,4,,,0,0
Josh McCown,Josh McCown,QB,PHI,47.8,3,0,80,3.75,0,1.5,0,0,0,0,0,,3.77,28.47,4,,,0,0
Josh Reynolds,Josh Reynolds,WR,LAR,38.2,0,9,55,4,0.53,1.5,0.15,0.59,0.15,0,3300,,2.48,18.55,4,,,3.56,Active
Josh Rosen,Josh Rosen,QB,MIA,55.8,3,0,93,3.75,0,1.5,0,0,0,0,4700,,4.11,15.07,4,,,0,0
Joshua Dobbs,Joshua Dobbs,QB,PIT,6,0,0,0,3.75,0,1.5,0,0,0,0,0,,,,4,,,0,0
Joshua Perkins,Joshua Perkins,TE,PHI,10.6,0,12,17,3.75,0.53,1.5,0.22,0.45,0,0,2500,,,,4,,,0.63,Active
JuJu Smith-Schuster,JuJu Smith-Schuster,WR,PIT,60,0,17,86,13,0.71,2.08,0.24,0.69,0.21,0,0,,6.45,31.98,4,,,18.36,Active
Julian Edelman,Julian Edelman,WR,NE,62.3,1,14,87,11.89,0.58,1.95,0.24,0.7,0.2,0,0,,9.72,26.13,4,,,13.85,Active
Julio Jones,Julio Jones,WR,ATL,51.1,0,21,77,6,0.7,2.93,0.29,0.68,0.23,0,8000,,8.86,37.25,4,,,16.43,Active
Justice Hill,Justice Hill,RB,BAL,0,0,0,0,0,0,0,0,0,0,0,0,0,0,0,0,0,0,6.25,Active
Justin Davis,Justin Davis,RB,LAR,0.5,0,0,0,3.75,0,1.5,0,0,0,0,3000,,,,4,,,0.22,Active
Justin Hardy,Justin Hardy,WR,ATL,13.8,0,10,21,3.75,0.52,1.5,0.17,0.7,0.06,0,3000,,2.03,9.95,4,,,2.93,Active
Justin Jackson,Justin Jackson,RB,LAC,11.5,34,13,30,4.12,0.45,2.01,0.25,0.88,0,0.13,4000,,,,4,,,3.94,Active
Justin Watson,Justin Watson,WR,TB,6.1,0,0,0,3.75,0.41,1.5,0.07,0.5,0,0,3200,,,,4,,,4.66,Active
K.J. Brent,K.J. Brent,WR,TB,0,0,0,0,0,0,0,0,0,0,0,0,0,0,0,0,0,0,0.91,Active
Kalen Ballage,Kalen Ballage,RB,MIA,7.7,0,0,0,5.31,0.46,1.5,0.26,0.82,0,0.14,4500,,4.8,22.1,4,,,7.49,Active
Kalif Raymond,Kalif Raymond,WR,TEN,0,0,0,0,0,0,0,0,0,0,0,0,0,0,0,0,0,0,0.87,Active
Kareem Hunt,Kareem Hunt,RB,CLE,45.7,36,7,71,4.55,0.5,1.5,0.13,0.79,0.25,0.78,3000,,8.57,36.1,4,,,0,0
Keelan Cole,Keelan Cole,WR,JAC,42.9,0,10,66,3.75,0.69,1.5,0.14,0.59,0.07,0,3400,,1.53,19.27,4,,,3.82,Active
Keenan Allen,Keenan Allen,WR,LAC,49.6,1,17,80,8.33,0.6,2.5,0.26,0.78,0.19,0,7300,,8.74,34.06,4,,,15.81,Active
KeeSean Johnson,KeeSean Johnson,WR,ARI,0,0,0,0,0,0,0,0,0,0,0,0,0,0,0,0,0,0,3.27,Active
Keith Kirkwood,Keith Kirkwood,WR,NO,28.1,0,9,44,3.75,0.58,1.6,0.16,0.62,0.06,0,0,,5.5,10,4,,,2.37,Active
Keith Smith,Keith Smith,RB,OAK,10.1,0,0,0,3.75,0.22,1.5,0.19,0.71,0,0,0,,,,4,,,0.91,Active
Keke Coutee,Keke Coutee,WR,HOU,44.5,1,15,64,3.75,0.63,1.72,0.23,0.74,0.04,0,0,,3.4,24.7,4,,,6.06,Active
Kelvin Harmon,Kelvin Harmon,WR,WAS,0,0,0,0,0,0,0,0,0,0,0,0,0,0,0,0,0,0,1.61,Active
Kendrick Bourne,Kendrick Bourne,WR,SF,37.9,0,11,57,3.75,0.6,1.5,0.16,0.7,0.15,0,3000,,3.8,13.98,4,,,3.75,Active
Kenjon Barner,Kenjon Barner,RB,ATL,5.3,0,0,0,3.74,0.4,1.5,0.05,1,0,0,3000,,,,4,,,0.71,Active
Kenneth Farrow,Kenneth Farrow,RB,MIA,0,0,0,0,0,0,0,0,0,0,0,0,0,0,0,0,0,0,1.02,Active
Kenny Golladay,Kenny Golladay,WR,DET,60.3,0,13,90,8,0.63,1.87,0.2,0.61,0.26,0,6300,,3.72,26.28,4,,,14.17,Active
Kenny Stills,Kenny Stills,WR,HOU,49.7,0,9,87,3.75,0.58,1.5,0.14,0.62,0.24,0,4000,,1.86,20.45,4,,,5.3,Active
Kenyan Drake,Kenyan Drake,RB,MIA,34.1,22,13,59,4.46,0.55,1.59,0.22,0.8,0.2,0.57,4700,,4.67,24.29,4,,,9.57,Active
Kerryon Johnson,Kerryon Johnson,RB,DET,34.6,34,11,52,5.43,0.49,1.5,0.22,0.86,0.05,0.27,5800,,8.95,24.4,4,,,17.82,Active
Kevin Hogan,Kevin Hogan,QB,DEN,0,0,0,0,0,0,0,0,0,0,0,0,0,0,0,0,0,0,0,0
Khadarel Hodge,Khadarel Hodge,WR,LAR,6.1,0,0,0,3.75,0.33,1.5,0.11,0.67,0,0,3000,,,,4,,,0.36,Active
Kirk Cousins,Kirk Cousins,QB,MIN,65.7,4,0,100,3.75,0,1.5,0,0,0,0,5500,,9.63,31.9,4,,,18.55,Active
Krishawn Hogan,Krishawn Hogan,WR,IND,0,0,0,0,0,0,0,0,0,0,0,0,0,0,0,0,0,0,0.25,Active
Kyle Allen,Kyle Allen,QB,CAR,34,7,0,42,3.75,0,1.5,0,0,0,0,4000,,,,4,,,0,0
Kyle Juszczyk,Kyle Juszczyk,RB,SF,41.4,1,6,63,3.75,0.39,1.5,0.14,0.81,0.04,0,3000,,1.84,11.52,4,,,1.11,Active
Kyle Lauletta,Kyle Lauletta,QB,NYG,9.5,0,0,0,3.75,0,1.5,0,0,0,0,4000,,,,4,,,0,0
Kyle Rudolph,Kyle Rudolph,TE,MIN,57.8,0,9,88,3.75,0.59,1.5,0.14,0.84,0.13,0,3300,,2.8,19.26,4,,,7.49,Active
Kyler Murray,Kyler Murray,QB,ARI,0,0,0,0,0,0,0,0,0,0,0,0,0,0,0,0,0,0,19.7,Active
Lamar Jackson,Lamar Jackson,QB,BAL,36.6,25,0,50,3.75,0.02,1.5,0.1,0,0,0,6000,,16.78,23.69,4,,,21.02,Active
Lance Kendricks,Lance Kendricks,TE,NE,19.7,0,8,29,3.75,0.47,1.5,0.16,0.79,0.03,0,0,,0.88,11.91,4,,,0,0
Lance Lenoir,Lance Lenoir,WR,DAL,0,0,0,0,0,0,0,0,0,0,0,0,0,0,0,0,0,0,0.92,Active
Larry Fitzgerald,Larry Fitzgerald,WR,ARI,54.5,0,13,93,3.75,0.61,1.5,0.2,0.64,0.4,0,4900,,6.7,28.01,4,,,10.03,Active
Latavius Murray,Latavius Murray,RB,NO,28.8,30,6,44,4.13,0.48,1.5,0.11,0.88,0,0.3,0,,6.15,24.09,4,,,9.16,Active
Le'Veon Bell,Le'Veon Bell,RB,NYJ,0,0,0,0,0,0,0,0,0,0,0,0,0,0,0,0,0,0,18.16,Active
Lee Smith,Lee Smith,TE,BUF,17.8,0,4,27,3.75,0.16,1.62,0.24,0.91,0.21,0,2500,,1.73,5.23,4,,,0.64,Active
Leonard Fournette,Leonard Fournette,RB,JAC,35,48,9,51,3.3,0.35,1.87,0.25,0.88,0.07,0.45,6100,,8.68,27.56,4,,,17.29,Active
LeSean McCoy,LeSean McCoy,RB,KC,35,33,9,53,3.19,0.46,1.5,0.18,0.83,0,0.5,4600,,6.21,29.24,4,,,9.74,Active
Levine Toilolo,Levine Toilolo,TE,SF,32.9,0,5,49,3.75,0.34,1.5,0.13,0.88,0.04,0,2500,,0.18,10.14,4,,,0.64,Active
Logan Thomas,Logan Thomas,TE,DET,23.7,0,6,36,3.75,0.43,1.5,0.13,0.75,0,0,2500,,0,10.1,4,,,0.7,Active
Luke Stocker,Luke Stocker,TE,ATL,29.9,0,4,49,3.75,0.23,1.5,0.19,0.71,0.06,0,2500,,0,7.2,4,,,0.73,Active
Mack Hollins,Mack Hollins,WR,PHI,0,0,0,0,0,0,0,0,0,0,0,0,0,0,0,0,0,0,1.65,Active
Malcolm Brown,Malcolm Brown,RB,LAR,10.3,0,0,0,4.93,0.38,1.5,0.13,0.83,0.03,0,3800,,8.1,10.1,4,,,3.21,Active
Malik Turner,Malik Turner,WR,SEA,7.2,0,0,0,3.75,0.28,1.67,0.17,1,0,0,3000,,,,4,,,1.21,Active
Marcedes Lewis,Marcedes Lewis,TE,GB,11.9,0,2,18,3.75,0.23,1.5,0.07,1,0,0,0,,0,10.64,4,,,1.2,Active
Marcus Johnson,Marcus Johnson,WR,IND,19,1,8,26,3.75,0.68,1.57,0.12,0.75,0.03,0,3000,,4.3,13.2,4,,,0.15,Active
Marcus Mariota,Marcus Mariota,QB,TEN,55.4,8,0,88,3.75,0,10.5,0.5,1,0,0,5200,,5.49,27.87,4,,,16.08,Active
Mark Andrews,Mark Andrews,TE,BAL,25.9,0,12,35,3.75,0.66,2.01,0.18,0.71,0.17,0,3000,,7.7,10.7,4,,,8.46,Active
Mark Ingram,Mark Ingram,RB,BAL,29.2,39,8,45,4.67,0.38,1.5,0.19,0.84,0.06,0.4,5100,,7.58,27.87,4,,,13.39,Active
Mark Walton,Mark Walton,RB,MIA,6.6,0,0,0,3.75,0.61,1.5,0.12,0.71,0,0,3000,,,,4,,,1.06,Active
Marlon Mack,Marlon Mack,RB,IND,37.1,44,6,54,4.66,0.38,1.5,0.14,0.71,0.03,0.69,5600,,3.68,29.38,4,,,11.73,Active
Marqise Lee,Marqise Lee,WR,JAC,0,0,0,0,0,0,0,0,0,0,0,0,0,0,0,0,0,0,8.75,Active
Marquez Valdes-Scantling,Marquez Valdes-Scantling,WR,GB,43.3,0,10,64,14.5,0.69,1.5,0.14,0.57,0.08,0,0,,2.33,17.4,4,,,9.22,Active
Marquise Brown,Marquise Brown,WR,BAL,0,0,0,0,0,0,0,0,0,0,0,0,0,0,0,0,0,0,7.43,Active
Marquise Goodwin,Marquise Goodwin,WR,SF,39.6,1,10,63,3.75,0.57,1.59,0.16,0.56,0.15,0,4000,,2.1,20.63,4,,,6.71,Active
Marvin Jones,Marvin Jones,WR,DET,59.8,0,12,89,3.75,0.64,1.5,0.17,0.59,0.26,0,4800,,4.56,24.02,4,,,11.02,Active
Matt Barkley,Matt Barkley,QB,BUF,73,4,0,100,3.75,0,1.5,0,0,0,0,4200,,3.17,21.06,4,,,0,0
Matt Breida,Matt Breida,RB,SF,26,42,9,39,5.32,0.44,1.63,0.19,0.87,0.08,0.5,4000,,4.2,21.97,4,,,12.9,Active
Matt Dayes,Matt Dayes,RB,SF,0,0,0,0,0,0,0,0,0,0,0,0,0,0,0,0,0,0,0.45,Active
Matt Flanagan,Matt Flanagan,TE,WAS,20.3,0,3,34,3.75,0.25,1.5,0.07,1,0,0,2500,,,,4,,,0.6,Active
Matt LaCosse,Matt LaCosse,TE,NE,27.9,0,9,39,3.75,0.49,1.5,0.17,0.71,0.03,0,0,,0.65,14.5,4,,,5.75,Active
Matt Lengel,Matt Lengel,TE,CIN,0,0,0,0,0,0,0,0,0,0,0,0,0,0,0,0,0,0,0.58,Active
Matt Moore,Matt Moore,QB,KC,0,0,0,0,0,0,0,0,0,0,0,0,0,0,0,0,0,0,0,0
Matt Ryan,Matt Ryan,QB,ATL,65.5,3,0,99,3.75,0,2.5,0.5,1,0,0,6100,,10.21,30.19,4,,,17.21,Active
Matt Schaub,Matt Schaub,QB,ATL,4,0,0,0,3.75,0,1.5,0,0,0,0,4500,,14.28,15.32,4,,,0,0
Matt Slater,Matt Slater,WR,NE,1.2,0,0,0,3.75,0,1.5,0,0,0,0,0,,,,4,,,0.08,Active
Matthew Stafford,Matthew Stafford,QB,DET,65.8,2,0,98,3.75,0,1.5,0,0,0,0,5400,,8.61,27.44,4,,,16.6,Active
Max McCaffrey,Max McCaffrey,WR,SF,0,0,0,0,0,0,0,0,0,0,0,0,0,0,0,0,0,0,0.5,Active
Maxx Williams,Maxx Williams,TE,ARI,28.8,1,5,38,3.75,0.22,1.7,0.19,1,0.07,0,2500,,1.12,9.1,4,,,1.39,Active
Mecole Hardman,Mecole Hardman,WR,KC,0,0,0,0,0,0,0,0,0,0,0,0,0,0,0,0,0,0,4.4,Active
Melvin Gordon,Melvin Gordon,RB,LAC,43.7,33,13,69,5.06,0.46,2.03,0.25,0.82,0.13,0.63,7500,,8.56,32.08,4,,,15.75,Active
Michael Burton,Michael Burton,RB,NO,6.1,0,0,0,3.75,0.12,1.5,0.17,1,0,0,0,,,,4,,,0.58,Active
Michael Crabtree,Michael Crabtree,WR,ARI,50.3,0,12,68,3.75,0.62,1.5,0.2,0.55,0.2,0,0,,3.86,24.24,4,,,3.8,Active
Michael Gallup,Michael Gallup,WR,DAL,46.2,0,9,68,3.75,0.58,1.5,0.15,0.5,0.09,0,4300,,2.03,13.5,4,,,9.37,Active
Michael Gesicki,Michael Gesicki,TE,MIA,0,0,0,0,0,0,0,0,0,0,0,0,0,0,0,0,0,0,6.09,Active
Michael Roberts,Michael Roberts,TE,GB,0,0,0,0,0,0,0,0,0,0,0,0,0,0,0,0,0,0,0.77,Active
Michael Thomas,Michael Thomas,WR,NO,57.9,0,16,88,3.75,0.57,2.66,0.28,0.86,0.26,0,0,,8.58,31.21,4,,,17.95,Active
Mike Boone,Mike Boone,RB,MIN,4.5,0,0,0,4.27,0.61,1.5,0.14,0.67,0,0,3000,,,,4,,,0.68,Active
Mike Davis,Mike Davis,RB,CHI,26.2,28,11,39,4.59,0.47,1.5,0.22,0.83,0.04,0.31,0,,3.57,22.37,4,,,3.15,Active
Mike Evans,Mike Evans,WR,TB,58.8,0,15,84,3.75,0.68,2.39,0.21,0.64,0.22,0,7900,,6.64,29.07,4,,,16.6,Active
Mike Glennon,Mike Glennon,QB,OAK,13,0,0,21,3.75,0,1.5,0,0,0,0,0,,6.44,14.04,4,,,0,0
Mike Thomas,Mike Thomas,WR,LAR,0,0,0,0,0,0,0,0,0,0,0,0,0,0,0,0,0,0,0.5,Active
Mike Williams,Mike Williams,WR,LAC,38.9,1,11,62,4,0.61,1.74,0.17,0.67,0.31,0.06,5300,,1.04,21.72,4,,,11.64,Active
Miles Boykin,Miles Boykin,WR,BAL,0,0,0,0,0,0,0,0,0,0,0,0,0,0,0,0,0,0,7.53,Active
Miles Sanders,Miles Sanders,RB,PHI,0,0,0,0,0,0,0,0,0,0,0,0,0,0,0,0,0,0,11.36,Active
Mitchell Trubisky,Mitch Trubisky,QB,CHI,66.4,7,0,99,3.75,0,1.5,0,0,0,0,0,,6.09,30.35,4,,,19.84,Active
Mo Alie-Cox,Mo Alie-Cox,TE,IND,26.8,0,6,37,3.75,0.22,2.46,0.24,0.54,0.05,0,2500,,0,10.8,4,,,1.31,Active
Mohamed Sanu,Mohamed Sanu,WR,ATL,51.9,1,11,78,6.29,0.68,1.5,0.16,0.73,0.11,0,4600,,3.34,17.84,4,,,8.19,Active
MyCole Pruitt,MyCole Pruitt,TE,TEN,12.8,0,6,22,3.75,0.26,2.04,0.22,0.82,0.07,0,2500,,1.2,10.9,4,,,0.78,Active
Myles Gaskin,Myles Gaskin,RB,MIA,0,0,0,0,0,0,0,0,0,0,0,0,0,0,0,0,0,0,2.56,Active
N'Keal Harry,N'Keal Harry,WR,NE,0,0,0,0,0,0,0,0,0,0,0,0,0,0,0,0,0,0,5.42,Active
Nate Sudfeld,Nate Sudfeld,QB,PHI,5.5,0,0,0,3.75,0,1.5,0,0,0,0,4000,,,,4,,,0,0
Nathan Peterman,Nathan Peterman,QB,OAK,37,7,0,52,3.75,0,1.5,0,0,0,0,0,,-2.94,12.22,4,,,0,0
Neal Sterling,Neal Sterling,TE,NYJ,0,0,0,0,0,0,0,0,0,0,0,0,0,0,0,0,0,0,0.83,Active
Nelson Agholor,Nelson Agholor,WR,PHI,61.6,0,10,90,10.67,0.61,1.5,0.15,0.71,0.13,0,3900,,1.67,18.25,4,,,5.32,Active
Nick Bellore,Nick Bellore,RB,SEA,0,0,0,0,0,0,0,0,0,0,0,0,0,0,0,0,0,0,0.49,Active
Nick Boyle,Nick Boyle,TE,BAL,40.7,0,6,55,3.75,0.26,1.5,0.18,0.74,0,0,2500,,2.04,6.8,4,,,1.3,Active
Nick Chubb,Nick Chubb,RB,CLE,24.7,49,7,36,5.19,0.36,1.5,0.2,0.71,0.07,0.89,6400,,11.25,33.35,4,,,18.63,Active
Nick Foles,Nick Foles,QB,JAC,71.4,3,0,97,3.75,0,15,1,1,0,0,5300,,3.98,23.96,4,,,16.81,Active
Nick Mullens,Nick Mullens,QB,SF,64.9,3,0,100,3.75,0,1.5,0,0,0,0,4400,,8.19,23.92,4,,,0,0
Nick O'Leary,Nick O'Leary,TE,MIA,31,0,3,53,3.75,0.27,1.5,0.1,0.8,0.04,0,2500,,1.02,10.16,4,,,1.72,Active
Nick Vannett,Nick Vannett,TE,SEA,35.3,0,8,53,3.75,0.41,1.5,0.18,0.73,0.09,0,2700,,2.38,11.25,4,,,3.82,Active
Nick Williams,Nick Williams,WR,LAR,17.3,0,7,26,3.75,0.74,1.5,0.1,0.4,0,0,0,,0,10.6,4,,,0.4,Active
Noah Brown,Noah Brown,WR,DAL,12.8,0,8,18,3.75,0.24,2.25,0.33,0.63,0,0,3000,,,,4,,,0,0
Noah Fant,Noah Fant,TE,DEN,0,0,0,0,0,0,0,0,0,0,0,0,0,0,0,0,0,0,7.09,Active
Nyheim Hines,Nyheim Hines,RB,IND,31.2,17,16,44,3.68,0.69,1.5,0.23,0.81,0.05,0.15,3900,,5.1,22.15,4,,,6.54,Active
O.J. Howard,O.J. Howard,TE,TB,43.6,0,11,61,3.75,0.58,2.24,0.19,0.72,0.14,0,5000,,1.56,20.14,4,,,10.83,Active
Odell Beckham,Odell Beckham Jr.,WR,CLE,59.7,1,17,94,3.8,0.65,2.26,0.26,0.65,0.21,0,8100,,9.06,33.17,4,,,16.22,Active
Orson Charles,Orson Charles,TE,DEN,13.3,0,3,19,3.75,0.16,1.5,0.15,0.75,0,0,2500,,,,4,,,0.14,Active
Parris Campbell,Parris Campbell,WR,IND,0,0,0,0,0,0,0,0,0,0,0,0,0,0,0,0,0,0,5.94,Active
Patrick DiMarco,Patrick DiMarco,RB,BUF,10.5,1,2,16,9,0.26,1.5,0.09,0.75,0,0,3000,,-0.1,1.95,4,,,0.73,Active
Patrick Mahomes,Patrick Mahomes,QB,KC,64.5,6,0,99,3.75,0,1.5,0,0,0,0,7200,,16.14,37.9,4,,,21.32,Active
Patrick Ricard,Patrick Ricard,RB,BAL,0,0,0,0,0,0,0,0,0,0,0,0,0,0,0,0,0,0,0.66,Active
Paul Perkins,Paul Perkins,RB,NYG,0,0,0,0,0,0,0,0,0,0,0,0,0,0,0,0,0,0,2.3,Active
Paul Richardson,Paul Richardson,WR,WAS,52.6,1,10,76,4.5,0.64,1.5,0.14,0.61,0.13,0,3900,,3.33,17.41,4,,,8.47,Active
Peyton Barber,Peyton Barber,RB,TB,38.5,38,5,55,3.72,0.44,1.5,0.1,0.74,0.03,0.63,4000,,4.52,19.54,4,,,8.44,Active
Pharoh Cooper,Pharoh Cooper,WR,CIN,0.9,0,0,0,3.75,0.5,1.5,0.33,0,0,0,3000,,1.8,5.6,4,,,0.66,Active
Philip Rivers,Philip Rivers,QB,LAC,60.3,2,0,97,3.75,0,1.5,0,0,0,0,5900,,9.55,27.48,4,,,17.12,Active
Phillip Dorsett,Phillip Dorsett,WR,NE,24.9,1,11,36,7.25,0.57,1.5,0.19,0.74,0.1,0,0,,2.1,14.39,4,,,4.05,Active
Phillip Lindsay,Phillip Lindsay,RB,DEN,30.2,42,10,45,5.4,0.41,1.5,0.24,0.8,0.06,0.56,0,,16.33,26.23,4,,,12.44,Active
Preston Williams,Preston Williams,WR,MIA,0,0,0,0,0,0,0,0,0,0,0,0,0,0,0,0,0,0,4.87,Active
Quadree Henderson,Quadree Henderson,WR,JAC,0,0,0,0,0,0,0,0,0,0,0,0,0,0,0,0,0,0,0.96,Active
Quincy Enunwa,Quincy Enunwa,WR,NYJ,47.8,0,13,77,3.75,0.61,1.5,0.19,0.61,0.06,0,3800,,2.33,16.97,4,,,7.75,Active
Raheem Mostert,Raheem Mostert,RB,SF,9.9,0,0,0,7.68,0.42,1.5,0.19,0.86,0,0.17,3700,,,,4,,,1.36,Active
Randall Cobb,Randall Cobb,WR,DAL,51.8,0,13,78,3.75,0.73,1.5,0.17,0.67,0.09,0,4200,,4.75,21.85,4,,,6.77,Active
Rashaad Penny,Rashaad Penny,RB,SEA,12.9,47,7,22,4.93,0.42,1.5,0.16,0.75,0,0.13,4900,,8.3,19.8,4,,,11.49,Active
Rashad Ross,Rashad Ross,WR,CAR,0,0,0,0,0,0,0,0,0,0,0,0,0,0,0,0,0,0,1.23,Active
Rashard Higgins,Rashard Higgins,WR,CLE,37.2,0,11,55,3.75,0.66,1.8,0.16,0.76,0.14,0,3200,,1.13,15.93,4,,,6.32,Active
Ray-Ray McCloud,Ray-Ray McCloud,WR,CAR,12.1,2,5,17,3.75,0.61,1.5,0.08,0.83,0,0,0,,,,4,,,1.17,Active
Rex Burkhead,Rex Burkhead,RB,NE,18.9,38,13,28,3.26,0.47,1.85,0.27,0.74,0.03,0,0,,6.45,25.35,4,,,1.72,Active
Rhett Ellison,Rhett Ellison,TE,NYG,39.8,0,6,62,3.75,0.44,1.5,0.13,0.78,0.04,0,2500,,0.26,10.84,4,,,1.65,Active
Richie James,Richie James,WR,SF,14.8,0,7,26,3.75,0.63,1.5,0.11,0.69,0.04,0,0,,4.7,12.2,4,,,0.6,Active
Ricky Ortiz,Ricky Ortiz,RB,ATL,11.6,0,3,18,3.75,0.32,1.5,0.07,1,0,0,3000,,,,4,,,0.86,Active
Ricky Seals-Jones,Ricky Seals-Jones,TE,CLE,35.7,0,13,61,3.75,0.68,1.5,0.18,0.52,0.07,0,2700,,0.5,10.83,4,,,2,Active
Rico Gathers,Rico Gathers,TE,CLE,9.7,0,0,0,3.75,0.28,1.5,0.17,0.43,0,0,2500,,,,4,,,0,0
Riley Ridley,Riley Ridley,WR,CHI,0,0,0,0,0,0,0,0,0,0,0,0,0,0,0,0,0,0,2.18,Active
River Cracraft,River Cracraft,WR,DEN,3.4,0,0,0,3.75,0.7,2.32,0.11,0.5,0,0,0,,,,4,,,0.39,Active
Robby Anderson,Robby Anderson,WR,NYJ,48.7,0,14,77,3.75,0.64,1.72,0.2,0.57,0.38,0,5200,,3.2,23.46,4,,,9.51,Active
Robert Foster,Robert Foster,WR,BUF,34.6,0,10,53,3.75,0.58,2.06,0.17,0.61,0.21,0,4100,,1.85,22.1,4,,,6.86,Active
Robert Griffin III,Robert Griffin III,QB,BAL,0,0,0,0,0,0,0,0,0,0,0,0,0,0,0,0,0,0,0,0
Robert Tonyan,Robert Tonyan,TE,GB,4.2,0,0,0,3.75,0.66,1.75,0.11,0.8,0.04,0,0,,,,4,,,0.7,Active
Robert Woods,Robert Woods,WR,LAR,65.1,2,13,95,8.26,0.57,2.05,0.21,0.68,0.18,0.05,6400,,3.57,24.1,4,,,14.53,Active
Ronald Jones,Ronald Jones,RB,TB,0,0,0,0,0,0,0,0,0,0,0,0,0,0,0,0,0,0,8.48,Active
Roosevelt Nix,Roosevelt Nix,RB,PIT,6.9,0,0,0,4,0.2,1.73,0.23,0.8,0,0,0,,,,4,,,0.79,Active
Ross Dwelley,Ross Dwelley,TE,SF,3.5,0,0,0,3.75,0.36,1.5,0.14,1,0,0,2500,,,,4,,,0.36,Active
Ross Travis,Ross Travis,TE,IND,0,0,0,0,0,0,0,0,0,0,0,0,0,0,0,0,0,0,0.71,Active
Royce Freeman,Royce Freeman,RB,DEN,22,42,6,33,4.01,0.39,1.5,0.16,0.74,0,0.31,0,,12.8,18.3,4,,,8.73,Active
Russell Gage,Russell Gage,WR,ATL,4,0,0,0,3.75,0.53,1.97,0.31,0.6,0,0,3000,,,,4,,,1.38,Active
Russell Shepard,Russell Shepard,WR,NYG,15.3,0,10,25,3.75,0.73,1.5,0.14,0.56,0.09,0,3000,,1.42,7.78,4,,,2.14,Active
Russell Wilson,Russell Wilson,QB,SEA,66.8,6,0,100,3.75,0,1.5,0,0,0,0,6300,,10.46,31,4,,,19.6,Active
Ryan Fitzpatrick,Ryan Fitzpatrick,QB,MIA,53.5,8,0,77,3.75,0,1.5,0,0,0,0,4900,,5.5,28.66,4,,,12.44,Active
Ryan Grant,Ryan Grant,WR,OAK,40.1,0,9,57,3.75,0.71,1.5,0.13,0.67,0.06,0,0,,1.5,13.42,4,,,1.89,Active
Ryan Griffin,Ryan Griffin,TE,NYJ,53.1,0,6,77,3.75,0.49,1.5,0.12,0.57,0,0,4000,,1.52,13.48,4,,,0.95,Active
Ryan Switzer,Ryan Switzer,WR,PIT,18.9,2,15,27,3.5,0.8,1.5,0.18,0.82,0.03,0,0,,1.1,13.1,4,,,3.82,Active
Ryan Tannehill,Ryan Tannehill,QB,TEN,52.7,6,0,97,3.75,0,1.5,0.5,1,0,0,4400,,7.01,25.24,4,,,0,0
Ryquell Armstead,Ryquell Armstead,RB,JAC,0,0,0,0,0,0,0,0,0,0,0,0,0,0,0,0,0,0,7.27,Active
Sam Darnold,Sam Darnold,QB,NYJ,62.3,5,0,100,3.75,0,1.5,0,0,0,0,5100,,4.13,23.03,4,,,15.58,Active
Samaje Perine,Samaje Perine,RB,CIN,6,0,0,0,4,0.63,1.5,0.16,1,0,0,3000,,7.05,20.8,4,,,0.63,Active
Sammy Watkins,Sammy Watkins,WR,KC,45.9,1,12,70,10.4,0.62,1.81,0.19,0.75,0.06,0,5000,,2.95,28.06,4,,,10.5,Active
Saquon Barkley,Saquon Barkley,RB,NYG,53.3,31,14,83,5.01,0.55,1.53,0.24,0.8,0.17,0.92,9000,,15.6,37,4,,,22.74,Active
Scott Simonson,Scott Simonson,TE,NYG,18.1,0,5,28,3.75,0.33,1.5,0.14,0.69,0.04,0,2500,,6.8,6.8,4,,,0.15,Active
Sean Culkin,Sean Culkin,TE,LAC,14.7,0,1,24,3.75,0.21,1.5,0.02,1,0,0,2500,,,,4,,,0.44,Active
Sean Mannion,Sean Mannion,QB,MIN,12,19,0,18,3.75,0,1.5,0,0,0,0,4000,,,,4,,,0,0
Senorise Perry,Senorise Perry,RB,BUF,0,0,0,0,0,0,0,0,0,0,0,0,0,0,0,0,0,0,0.37,Active
Seth DeValve,Seth DeValve,TE,JAC,7.5,0,0,0,3.75,0.48,1.57,0.15,0.71,0.04,0,2500,,0.93,8.8,4,,,3.65,Active
Seth Roberts,Seth Roberts,WR,BAL,38.1,1,11,59,3.75,0.66,1.5,0.16,0.75,0.11,0,3000,,2.09,13.51,4,,,2.5,Active
Shaun Wilson,Shaun Wilson,RB,WAS,4.4,0,0,0,4.83,0.73,1.5,0.31,0.6,0,0,3000,,,,4,,,0.54,Active
Sony Michel,Sony Michel,RB,NE,24.6,65,3,36,4.45,0.18,1.5,0.19,0.64,0,0.38,0,,5.8,25.55,4,,,12.3,Active
Spencer Ware,Spencer Ware,RB,IND,19,21,9,28,4.82,0.57,1.58,0.15,0.91,0,0.15,3200,,11.4,26.95,4,,,0,0
Stefon Diggs,Stefon Diggs,WR,MIN,58.3,1,17,87,6.2,0.68,1.72,0.24,0.72,0.3,0,6700,,5.34,28.94,4,,,15.21,Active
Sterling Shepard,Sterling Shepard,WR,NYG,58.5,0,11,91,11,0.64,1.5,0.17,0.65,0.17,0,5000,,5.03,23.46,4,,,13.16,Active
T.J. Hockenson,T.J. Hockenson,TE,DET,0,0,0,0,0,0,0,0,0,0,0,0,0,0,0,0,0,0,5.89,Active
T.J. Logan,T.J. Logan,RB,ARI,2.1,0,0,0,3.75,0.86,2.06,0.39,1,0,0,3000,,,,4,,,0.64,Active
T.J. Yeldon,T.J. Yeldon,RB,BUF,36.2,21,15,55,3.98,0.61,1.57,0.23,0.79,0.29,0.17,3300,,6.57,20.6,4,,,5.16,Active
T.Y. Hilton,T.Y. Hilton,WR,IND,54.5,0,16,77,3.75,0.66,2.54,0.23,0.66,0.15,0,6600,,4.69,29.6,4,,,12.11,Active
Taiwan Jones,Taiwan Jones,RB,HOU,0.3,0,0,0,3.75,1,1.5,1,0,0,0,0,,,,4,,,1.68,Active
Tajae Sharpe,Tajae Sharpe,WR,TEN,37,0,8,60,16,0.55,1.5,0.14,0.57,0.13,0,3000,,1.03,14.66,4,,,2.74,Active
Tanner Gentry,Tanner Gentry,WR,CHI,0,0,0,0,0,0,0,0,0,0,0,0,0,0,0,0,0,0,1.21,Active
Tarik Cohen,Tarik Cohen,RB,CHI,30.9,20,18,46,4.48,0.62,2.36,0.28,0.82,0.19,0.23,0,,5.82,28.55,4,,,12.43,Active
Tavon Austin,Tavon Austin,WR,DAL,16.4,5,11,25,9.17,0.61,2,0.17,0.67,0.09,0,3000,,3.5,25.86,4,,,1.86,Active
Taylor Gabriel,Taylor Gabriel,WR,CHI,51.9,1,11,77,6.78,0.58,1.5,0.19,0.74,0.07,0,0,,2.27,18.35,4,,,7.5,Active
Taylor Heinicke,Taylor Heinicke,QB,CAR,15.2,5,0,20,3.75,0,1.5,0,0,0,0,4500,,,,4,,,0,0
Taysom Hill,Taysom Hill,QB,NO,11.3,20,4,18,3.75,0.19,1.5,0.21,0.43,0,0,0,,,,4,,,1.38,Active
Taywan Taylor,Taywan Taylor,WR,CLE,34.2,0,13,55,3.75,0.56,1.87,0.22,0.67,0.07,0,3100,,1.3,14.35,4,,,4.15,Active
Ted Ginn Jr.,Ted Ginn Jr.,WR,NO,0,0,0,0,0,0,0,0,0,0,0,0,0,0,0,0,0,0,7.56,Active
Teddy Bridgewater,Teddy Bridgewater,QB,NO,14.2,15,0,24,3.75,0,1.5,0,0,0,0,0,,3.12,23.88,4,,,0,0
Terry McLaurin,Terry McLaurin,WR,WAS,0,0,0,0,0,0,0,0,0,0,0,0,0,0,0,0,0,0,6.16,Active
Tevin Coleman,Tevin Coleman,RB,SF,36.3,29,8,55,4.79,0.51,1.5,0.14,0.8,0.19,0.67,5000,,4.46,21.99,4,,,11.92,Active
Tim Patrick,Tim Patrick,WR,DEN,24.6,1,10,36,5.67,0.62,1.5,0.16,0.58,0.06,0,0,,1.35,14.05,4,,,4.72,Active
Tim White,Tim White,WR,NYJ,0.7,0,0,0,3.75,0.5,14,1,1,0,0,3000,,,,4,,,0.34,Active
Todd Gurley,Todd Gurley,RB,LAR,58.9,31,10,86,4.89,0.52,1.5,0.18,0.78,0.12,0.81,0,,8.26,36.71,4,,,14.98,Active
Tom Brady,Tom Brady,QB,NE,68.3,2,0,98,3.75,0,3,0.5,1,0,0,0,,10.87,31.83,4,,,18.3,Active
Tony Pollard,Tony Pollard,RB,DAL,0,0,0,0,0,0,0,0,0,0,0,0,0,0,0,0,0,0,4.39,Active
Travis Benjamin,Travis Benjamin,WR,LAC,23.2,3,9,36,5.86,0.65,1.5,0.13,0.52,0.03,0,3300,,2.99,22.39,4,,,3.74,Active
Travis Kelce,Travis Kelce,TE,KC,62.1,0,15,95,3.75,0.58,2.31,0.24,0.74,0.2,0,7100,,5.71,28.1,4,,,15.97,Active
Tre Madden,Tre Madden,RB,SEA,0,0,0,0,0,0,0,0,0,0,0,0,0,0,0,0,0,0,1.31,Active
Tre'Quan Smith,Tre'Quan Smith,WR,NO,37.8,0,8,57,3.75,0.56,1.5,0.13,0.65,0.15,0,0,,0,31.9,4,,,9.22,Active
Tremon Smith,Tremon Smith,RB,KC,0,0,0,0,0,0,0,0,0,0,0,0,0,0,0,0,0,0,0.79,Active
Trent Sherfield,Trent Sherfield,WR,ARI,26.4,0,8,63,3.75,0.65,1.5,0.12,0.7,0.07,0,3000,,2.35,12.45,4,,,0.57,Active
Trent Taylor,Trent Taylor,WR,SF,22.9,0,12,34,3.75,0.75,1.5,0.16,0.68,0.04,0,3000,,3.05,14.05,4,,,0,0
Trenton Cannon,Trenton Cannon,RB,NYJ,11.6,21,14,23,3.75,0.55,1.5,0.26,0.65,0,0.1,3000,,,,4,,,1.56,Active
Trevor Davis,Trevor Davis,WR,GB,0,0,0,0,0,0,0,0,0,0,0,0,0,0,0,0,0,0,2.1,Active
Trevor Siemian,Trevor Siemian,QB,NYJ,0,0,0,0,0,0,0,0,0,0,0,0,0,0,0,0,0,0,0,0
Trey Burton,Trey Burton,TE,CHI,53.8,0,9,80,3.75,0.57,1.5,0.15,0.74,0.22,0,0,,2.4,19.05,4,,,7.54,Active
Trey Quinn,Trey Quinn,WR,WAS,35.7,1,9,49,3.75,0.68,1.5,0.14,0.9,0.07,0,3400,,8.9,13.6,4,,,6.59,Active
Troymaine Pope,Troymaine Pope,RB,LAC,0,0,0,0,0,0,0,0,0,0,0,0,0,0,0,0,0,0,0.56,Active
Ty Montgomery,Ty Montgomery,RB,NYJ,20.3,16,15,29,4.59,0.58,1.54,0.24,0.69,0,0.1,3200,,6.65,26.08,4,,,6.45,Active
Tyler Boyd,Tyler Boyd,WR,CIN,55.2,0,14,86,3.75,0.65,2.06,0.21,0.74,0.26,0,5800,,2.39,22.81,4,,,13.08,Active
Tyler Conklin,Tyler Conklin,TE,MIN,0,0,0,0,0,0,0,0,0,0,0,0,0,0,0,0,0,0,0.73,Active
Tyler Eifert,Tyler Eifert,TE,CIN,33.3,0,14,49,3.75,0.71,1.88,0.19,0.83,0.04,0,3100,,3.32,26.58,4,,,7.44,Active
Tyler Ervin,Tyler Ervin,RB,JAC,8.6,0,0,0,3.75,0.48,1.5,0.08,1,0,0,3000,,1.4,6.6,4,,,2.18,Active
Tyler Higbee,Tyler Higbee,TE,LAR,49.3,0,4,72,3.75,0.3,1.5,0.12,0.83,0.06,0,2600,,0.79,9.19,4,,,2.43,Active
Tyler Kroft,Tyler Kroft,TE,BUF,23.4,0,5,35,3.75,0.27,1.5,0.16,0.8,0,0,2600,,0.67,15.47,4,,,2.41,Active
Tyler Lockett,Tyler Lockett,WR,SEA,56.8,1,8,85,5.31,0.51,2.1,0.14,0.88,0.29,0,6000,,2.7,21.86,4,,,14.63,Active
Tyreek Hill,Tyreek Hill,WR,KC,56.6,2,15,87,6.86,0.64,2.54,0.22,0.67,0.24,0.07,7600,,7.67,35.68,4,,,15.98,Active
Tyrell Williams,Tyrell Williams,WR,OAK,47.6,0,8,76,7.5,0.61,1.5,0.14,0.65,0.28,0,0,,2.92,22.44,4,,,7.07,Active
Tyrod Taylor,Tyrod Taylor,QB,LAC,46.3,9,0,61,3.75,0,1.5,0,0,0,0,4300,,8.45,26.14,4,,,0,0
Tyrone Swoopes,Tyrone Swoopes,TE,SEA,0,0,0,0,0,0,0,0,0,0,0,0,0,0,0,0,0,0,0.75,Active
Vance McDonald,Vance McDonald,TE,PIT,37.6,0,13,54,3.75,0.72,1.5,0.16,0.74,0.12,0,0,,2.34,16.73,4,,,9.31,Active
Vernon Davis,Vernon Davis,TE,WAS,32,0,8,49,3.75,0.44,1.86,0.18,0.71,0.13,0,2700,,1.05,13.98,4,,,4.14,Active
Vince Mayle,Vince Mayle,WR,LAC,0,0,0,0,0,0,0,0,0,0,0,0,0,0,0,0,0,0,0.86,Active
Virgil Green,Virgil Green,TE,LAC,42.1,0,4,68,3.75,0.35,1.5,0.11,0.7,0.03,0,2500,,0.62,8.37,4,,,1.94,Active
Wayne Gallman,Wayne Gallman,RB,NYG,10.3,0,0,0,3.45,0.5,1.5,0.27,0.67,0,0.08,3000,,3.8,16.9,4,,,1.67,Active
Wendell Smallwood,Wendell Smallwood,RB,WAS,20.3,27,11,30,4.18,0.61,1.5,0.16,0.88,0.06,0.25,3200,,5.9,17,4,,,1.21,Active
Will Dissly,Will Dissly,TE,SEA,31.8,0,11,49,3.75,0.53,2.33,0.18,0.67,0.06,0,2900,,1.4,22.5,4,,,7.92,Active
Will Fuller,Will Fuller,WR,HOU,53.6,0,12,77,3.75,0,1.5,0,0,0,0,0,,2.94,26.19,4,,,10.26,Active
Will Tye,Will Tye,TE,PHI,0,0,0,0,0,0,0,0,0,0,0,0,0,0,0,0,0,0,0.34,Active
Willie Snead,Willie Snead,WR,BAL,51.3,0,12,69,13,0.53,1.5,0.21,0.68,0.06,0,0,,4.13,19.98,4,,,8.41,Active
Xavier Grimble,Xavier Grimble,TE,PIT,10.9,0,5,17,3.75,0.28,1.76,0.14,0.86,0,0,0,,2,3.4,4,,,0.68,Active
Zach Ertz,Zach Ertz,TE,PHI,62.5,0,16,92,3.75,0.58,2.01,0.27,0.75,0.25,0,6100,,4.52,28.46,4,,,12.91,Active
Zach Line,Zach Line,RB,NO,14.1,4,4,22,4.56,0.29,1.5,0.15,0.5,0.06,0,0,,,,4,,,0.59,Active
Zach Pascal,Zach Pascal,WR,IND,32.9,0,9,46,5,0.5,1.5,0.17,0.61,0.05,0,3100,,2.2,17.7,4,,,0.44,Active
Zay Jones,Zay Jones,WR,BUF,58.8,0,11,89,3.75,0.58,1.5,0.18,0.57,0.5,0,3700,,1.19,18.33,4,,,7.25,Active